Catchment area,Area,Postcodes,BAEC Customers,Amex penetration,Barclaycard penetration
Scotland +,Glasgow,G1,,,
Scotland +,Glasgow,G2,,,
Scotland +,Glasgow,G3,,,
Scotland +,Glasgow,G4,,,
Scotland +,Glasgow,G5,,,
Scotland +,Glasgow,G9,,,
Scotland +,Glasgow,G11,,,
Scotland +,Glasgow,G12,,,
Scotland +,Glasgow,G13,,,
Scotland +,Glasgow,G14,,,
Scotland +,Glasgow,G15,,,
Scotland +,Glasgow,G20,,,
Scotland +,Glasgow,G21,,,
Scotland +,Glasgow,G22,,,
Scotland +,Glasgow,G23,,,
Scotland +,Glasgow,G31,,,
Scotland +,Glasgow,G32,,,
Scotland +,Glasgow,G33,,,
Scotland +,Glasgow,G34,,,
Scotland +,Glasgow,G40,,,
Scotland +,Glasgow,G41,,,
Scotland +,Glasgow,G42,,,
Scotland +,Glasgow,G43,,,
Scotland +,Glasgow,G44,,,
Scotland +,Glasgow,G45,,,
Scotland +,Glasgow,G46,,,
Scotland +,Glasgow,G51,,,
Scotland +,Glasgow,G52,,,
Scotland +,Glasgow,G53,,,
Scotland +,Glasgow,G58,,,
Scotland +,Glasgow,G60,,,
Scotland +,Glasgow,G61,,,
Scotland +,Glasgow,G62,,,
Scotland +,Glasgow,G63,,,
Scotland +,Glasgow,G64,,,
Scotland +,Glasgow,G65,,,
Scotland +,Glasgow,G66,,,
Scotland +,Glasgow,G67,,,
Scotland +,Glasgow,G68,,,
Scotland +,Glasgow,G69,,,
Scotland +,Glasgow,G70,,,
Scotland +,Glasgow,G71,,,
Scotland +,Glasgow,G72,,,
Scotland +,Glasgow,G73,,,
Scotland +,Glasgow,G74,,,
Scotland +,Glasgow,G75,,,
Scotland +,Glasgow,G76,,,
Scotland +,Glasgow,G77,,,
Scotland +,Glasgow,G78,,,
Scotland +,Glasgow,G79,,,
Scotland +,Glasgow,G81,,,
Scotland +,Glasgow,G82,,,
Scotland +,Glasgow,G83,,,
Scotland +,Glasgow,G84,,,
Scotland +,Glasgow,G90,,,
Scotland +,Aberdeen,AB10,,,
Scotland +,Aberdeen,AB11,,,
Scotland +,Aberdeen,AB12,,,
Scotland +,Aberdeen,AB13,,,
Scotland +,Aberdeen,AB14,,,
Scotland +,Aberdeen,AB15,,,
Scotland +,Aberdeen,AB16,,,
Scotland +,Aberdeen,AB21,,,
Scotland +,Aberdeen,AB22,,,
Scotland +,Aberdeen,AB23,,,
Scotland +,Aberdeen,AB24,,,
Scotland +,Aberdeen,AB25,,,
Scotland +,Aberdeen,AB30,,,
Scotland +,Aberdeen,AB32,,,
Scotland +,Aberdeen,AB39,,,
Scotland +,Aberdeen,AB41,,,
Scotland +,Aberdeen,AB42,,,
Scotland +,Aberdeen,AB43,,,
Scotland +,Aberdeen,AB44,,,
Scotland +,Aberdeen,AB51,,,
Scotland +,Aberdeen,AB99,,,
Scotland +,Edinburgh,EH1,,,
Scotland +,Edinburgh,EH2,,,
Scotland +,Edinburgh,EH3,,,
Scotland +,Edinburgh,EH4,,,
Scotland +,Edinburgh,EH5,,,
Scotland +,Edinburgh,EH6,,,
Scotland +,Edinburgh,EH7,,,
Scotland +,Edinburgh,EH8,,,
Scotland +,Edinburgh,EH9,,,
Scotland +,Edinburgh,EH10,,,
Scotland +,Edinburgh,EH11,,,
Scotland +,Edinburgh,EH12,,,
Scotland +,Edinburgh,EH13,,,
Scotland +,Edinburgh,EH14,,,
Scotland +,Edinburgh,EH15,,,
Scotland +,Edinburgh,EH16,,,
Scotland +,Edinburgh,EH17,,,
Scotland +,Edinburgh,EH18,,,
Scotland +,Edinburgh,EH19,,,
Scotland +,Edinburgh,EH20,,,
Scotland +,Edinburgh,EH21,,,
Scotland +,Edinburgh,EH22,,,
Scotland +,Edinburgh,EH23,,,
Scotland +,Edinburgh,EH24,,,
Scotland +,Edinburgh,EH25,,,
Scotland +,Edinburgh,EH26,,,
Scotland +,Edinburgh,EH27,,,
Scotland +,Edinburgh,EH28,,,
Scotland +,Edinburgh,EH29,,,
Scotland +,Edinburgh,EH30,,,
Scotland +,Edinburgh,EH31,,,
Scotland +,Edinburgh,EH32,,,
Scotland +,Edinburgh,EH33,,,
Scotland +,Edinburgh,EH34,,,
Scotland +,Edinburgh,EH35,,,
Scotland +,Edinburgh,EH36,,,
Scotland +,Edinburgh,EH37,,,
Scotland +,Edinburgh,EH38,,,
Scotland +,Edinburgh,EH39,,,
Scotland +,Edinburgh,EH40,,,
Scotland +,Edinburgh,EH41,,,
Scotland +,Edinburgh,EH42,,,
Scotland +,Edinburgh,EH43,,,
Scotland +,Edinburgh,EH44,,,
Scotland +,Edinburgh,EH45,,,
Scotland +,Edinburgh,EH46,,,
Scotland +,Edinburgh,EH47,,,
Scotland +,Edinburgh,EH48,,,
Scotland +,Edinburgh,EH49,,,
Scotland +,Edinburgh,EH51,,,
Scotland +,Edinburgh,EH52,,,
Scotland +,Edinburgh,EH53,,,
Scotland +,Edinburgh,EH54,,,
Scotland +,Edinburgh,EH55,,,
Scotland +,Edinburgh,EH91,,,
Scotland +,Edinburgh,EH95,,,
Scotland +,Edinburgh,EH99,,,
Manchester+,Manchester,M1,,,
Manchester+,Manchester,M2,,,
Manchester+,Manchester,M3,,,
Manchester+,Manchester,M4,,,
Manchester+,Manchester,M5,,,
Manchester+,Manchester,M6,,,
Manchester+,Manchester,M7,,,
Manchester+,Manchester,M8,,,
Manchester+,Manchester,M9,,,
Manchester+,Manchester,M11,,,
Manchester+,Manchester,M12,,,
Manchester+,Manchester,M13,,,
Manchester+,Manchester,M14,,,
Manchester+,Manchester,M15,,,
Manchester+,Manchester,M16,,,
Manchester+,Manchester,M17,,,
Manchester+,Manchester,M18,,,
Manchester+,Manchester,M19,,,
Manchester+,Manchester,M20,,,
Manchester+,Manchester,M21,,,
Manchester+,Manchester,M22,,,
Manchester+,Manchester,M23,,,
Manchester+,Manchester,M24,,,
Manchester+,Manchester,M25,,,
Manchester+,Manchester,M26,,,
Manchester+,Manchester,M27,,,
Manchester+,Manchester,M28,,,
Manchester+,Manchester,M29,,,
Manchester+,Manchester,M30,,,
Manchester+,Manchester,M31,,,
Manchester+,Manchester,M32,,,
Manchester+,Manchester,M33,,,
Manchester+,Manchester,M34,,,
Manchester+,Manchester,M35,,,
Manchester+,Manchester,M38,,,
Manchester+,Manchester,M40,,,
Manchester+,Manchester,M41,,,
Manchester+,Manchester,M43,,,
Manchester+,Manchester,M44,,,
Manchester+,Manchester,M45,,,
Manchester+,Manchester,M46,,,
Manchester+,Manchester,M50,,,
Manchester+,Manchester,M60,,,
Manchester+,Manchester,M61,,,
Manchester+,Manchester,M90,,,
Manchester+,Manchester,M99,,,
Manchester+,Leeds,LS1,,,
Manchester+,Leeds,LS2,,,
Manchester+,Leeds,LS3,,,
Manchester+,Leeds,LS4,,,
Manchester+,Leeds,LS5,,,
Manchester+,Leeds,LS6,,,
Manchester+,Leeds,LS7,,,
Manchester+,Leeds,LS8,,,
Manchester+,Leeds,LS9,,,
Manchester+,Leeds,LS10,,,
Manchester+,Leeds,LS11,,,
Manchester+,Leeds,LS12,,,
Manchester+,Leeds,LS13,,,
Manchester+,Leeds,LS14,,,
Manchester+,Leeds,LS15,,,
Manchester+,Leeds,LS16,,,
Manchester+,Leeds,LS17,,,
Manchester+,Leeds,LS18,,,
Manchester+,Leeds,LS19,,,
Manchester+,Leeds,LS20,,,
Manchester+,Leeds,LS21,,,
Manchester+,Leeds,LS22,,,
Manchester+,Leeds,LS23,,,
Manchester+,Leeds,LS24,,,
Manchester+,Leeds,LS25,,,
Manchester+,Leeds,LS26,,,
Manchester+,Leeds,LS27,,,
Manchester+,Leeds,LS28,,,
Manchester+,Leeds,LS29,,,
Manchester+,Leeds,LS88,,,
Manchester+,Leeds,LS98,,,
Manchester+,Leeds,LS99,,,
Manchester+,Liverpool,L1,,,
Manchester+,Liverpool,L2,,,
Manchester+,Liverpool,L3,,,
Manchester+,Liverpool,L4,,,
Manchester+,Liverpool,L5,,,
Manchester+,Liverpool,L6,,,
Manchester+,Liverpool,L7,,,
Manchester+,Liverpool,L8,,,
Manchester+,Liverpool,L9,,,
Manchester+,Liverpool,L10,,,
Manchester+,Liverpool,L11,,,
Manchester+,Liverpool,L12,,,
Manchester+,Liverpool,L13,,,
Manchester+,Liverpool,L14,,,
Manchester+,Liverpool,L15,,,
Manchester+,Liverpool,L16,,,
Manchester+,Liverpool,L17,,,
Manchester+,Liverpool,L18,,,
Manchester+,Liverpool,L19,,,
Manchester+,Liverpool,L20,,,
Manchester+,Liverpool,L21,,,
Manchester+,Liverpool,L22,,,
Manchester+,Liverpool,L23,,,
Manchester+,Liverpool,L24,,,
Manchester+,Liverpool,L25,,,
Manchester+,Liverpool,L26,,,
Manchester+,Liverpool,L27,,,
Manchester+,Liverpool,L28,,,
Manchester+,Liverpool,L29,,,
Manchester+,Liverpool,L30,,,
Manchester+,Liverpool,L31,,,
Manchester+,Liverpool,L32,,,
Manchester+,Liverpool,L33,,,
Manchester+,Liverpool,L34,,,
Manchester+,Liverpool,L35,,,
Manchester+,Liverpool,L36,,,
Manchester+,Liverpool,L37,,,
Manchester+,Liverpool,L38,,,
Manchester+,Liverpool,L39,,,
Manchester+,Liverpool,L40,,,
Manchester+,Liverpool,L67,,,
Manchester+,Liverpool,L68,,,
Manchester+,Liverpool,L69,,,
Manchester+,Liverpool,L70,,,
Manchester+,Liverpool,L71,,,
Manchester+,Liverpool,L72,,,
Manchester+,Liverpool,L73,,,
Manchester+,Liverpool,L74,,,
Manchester+,Liverpool,L75,,,
Manchester+,Liverpool,L80,,,
London,London,N1,,,
London,London,N1C,,,
London,London,N1P,,,
London,London,N2,,,
London,London,N3,,,
London,London,N4,,,
London,London,N5,,,
London,London,N6,,,
London,London,N7,,,
London,London,N8,,,
London,London,N9,,,
London,London,N10,,,
London,London,N11,,,
London,London,N12,,,
London,London,N13,,,
London,London,N14,,,
London,London,N15,,,
London,London,N16,,,
London,London,N17,,,
London,London,N18,,,
London,London,N19,,,
London,London,N20,,,
London,London,N21,,,
London,London,N22,,,
London,London,N81,,,
London,London,NW1,,,
London,London,NW2,,,
London,London,NW3,,,
London,London,NW4,,,
London,London,NW5,,,
London,London,NW6,,,
London,London,NW7,,,
London,London,NW8,,,
London,London,NW9,,,
London,London,NW10,,,
London,London,NW11,,,
London,London,NW1W,,,
London,London,NW26,,,
London,London,E1,,,
London,London,SE1P,,,
London,London,SE2,,,
London,London,SE3,,,
London,London,SE4,,,
London,London,SE5,,,
London,London,SE6,,,
London,London,SE7,,,
London,London,SE8,,,
London,London,SE9,,,
London,London,SE10,,,
London,London,SE11,,,
London,London,SE12,,,
London,London,SE13,,,
London,London,SE14,,,
London,London,SE15,,,
London,London,SE16,,,
London,London,SE17,,,
London,London,SE18,,,
London,London,SE19,,,
London,London,SE20,,,
London,London,SE21,,,
London,London,SE22,,,
London,London,SE23,,,
London,London,SE24,,,
London,London,SE25,,,
London,London,SE26,,,
London,London,SE27,,,
London,London,SE28,,,
London,London,SW1A,,,
London,London,SW1E,,,
London,London,SW1H,,,
London,London,SW1P,,,
London,London,SW1V,,,
London,London,SW1W,,,
London,London,SW1X,,,
London,London,SW1Y,,,
London,London,SW2,,,
London,London,SW3,,,
London,London,SW4,,,
London,London,SW5,,,
London,London,SW6,,,
London,London,SW7,,,
London,London,SW8,,,
London,London,SW9,,,
London,London,SW10,,,
London,London,SW11,,,
London,London,SW12,,,
London,London,SW13,,,
London,London,SW14,,,
London,London,SW15,,,
London,London,SW16,,,
London,London,SW17,,,
London,London,SW18,,,
London,London,SW19,,,
London,London,SW20,,,
London,London,SW95,,,
London,London,W1A,,,
London,London,W1B,,,
London,London,W1C,,,
London,London,W1D,,,
London,London,W1F,,,
London,London,W1G,,,
London,London,W1H,,,
London,London,W1J,,,
London,London,W1K,,,
London,London,W1S,,,
London,London,W1T,,,
London,London,W1U,,,
London,London,W1W,,,
London,London,W2,,,
London,London,W3,,,
London,London,W4,,,
London,London,W5,,,
London,London,W6,,,
London,London,W7,,,
London,London,W8,,,
London,London,W9,,,
London,London,W10,,,
London,London,W11,,,
London,London,W12,,,
London,London,W13,,,
London,London,W14,,,
London,London,WC1A,,,
London,London,WC1B,,,
London,London,WC1E,,,
London,London,WC1H,,,
London,London,WC1N,,,
London,London,WC1R,,,
London,London,WC1V,,,
London,London,WC1X,,,
London,London,WC2A,,,
London,London,WC2B,,,
London,London,WC2E,,,
London,London,WC2H,,,
London,London,WC2N,,,
London,London,WC2R,,,
Birmingham +,Derby,DE1,,,
Birmingham +,Derby,DE3,,,
Birmingham +,Derby,DE4,,,
Birmingham +,Derby,DE5,,,
Birmingham +,Derby,DE6,,,
Birmingham +,Derby,DE7,,,
Birmingham +,Derby,DE11,,,
Birmingham +,Derby,DE12,,,
Birmingham +,Derby,DE13,,,
Birmingham +,Derby,DE14,,,
Birmingham +,Derby,DE15,,,
Birmingham +,Derby,DE21,,,
Birmingham +,Derby,DE22,,,
Birmingham +,Derby,DE23,,,
Birmingham +,Derby,DE24,,,
Birmingham +,Derby,DE45,,,
Birmingham +,Derby,DE55,,,
Birmingham +,Derby,DE56,,,
Birmingham +,Derby,DE65,,,
Birmingham +,Derby,DE72,,,
Birmingham +,Derby,DE73,,,
Birmingham +,Derby,DE74,,,
Birmingham +,Derby,DE75,,,
Birmingham +,Derby,DE99,,,
Birmingham +,Doncaster,DN1,,,
Birmingham +,Doncaster,DN2,,,
Birmingham +,Doncaster,DN3,,,
Birmingham +,Doncaster,DN4,,,
Birmingham +,Doncaster,DN5,,,
Birmingham +,Doncaster,DN6,,,
Birmingham +,Doncaster,DN7,,,
Birmingham +,Doncaster,DN8,,,
Birmingham +,Doncaster,DN9,,,
Birmingham +,Doncaster,DN10,,,
Birmingham +,Doncaster,DN11,,,
Birmingham +,Doncaster,DN12,,,
Birmingham +,Doncaster,DN14,,,
Birmingham +,Doncaster,DN15,,,
Birmingham +,Doncaster,DN16,,,
Birmingham +,Doncaster,DN17,,,
Birmingham +,Doncaster,DN18,,,
Birmingham +,Doncaster,DN19,,,
Birmingham +,Doncaster,DN20,,,
Birmingham +,Doncaster,DN21,,,
Birmingham +,Doncaster,DN22,,,
Birmingham +,Doncaster,DN31,,,
Birmingham +,Doncaster,DN32,,,
Birmingham +,Doncaster,DN33,,,
Birmingham +,Doncaster,DN34,,,
Birmingham +,Doncaster,DN35,,,
Birmingham +,Doncaster,DN36,,,
Birmingham +,Doncaster,DN37,,,
Birmingham +,Doncaster,DN38,,,
Birmingham +,Doncaster,DN39,,,
Birmingham +,Doncaster,DN40,,,
Birmingham +,Doncaster,DN41,,,
Birmingham +,Doncaster,DN55,,,
Birmingham +,Leicester,LE1,,,
Birmingham +,Leicester,LE2,,,
Birmingham +,Leicester,LE3,,,
Birmingham +,Leicester,LE4,,,
Birmingham +,Leicester,LE5,,,
Birmingham +,Leicester,LE6,,,
Birmingham +,Leicester,LE7,,,
Birmingham +,Leicester,LE8,,,
Birmingham +,Leicester,LE9,,,
Birmingham +,Leicester,LE10,,,
Birmingham +,Leicester,LE11,,,
Birmingham +,Leicester,LE12,,,
Birmingham +,Leicester,LE13,,,
Birmingham +,Leicester,LE14,,,
Birmingham +,Leicester,LE15,,,
Birmingham +,Leicester,LE16,,,
Birmingham +,Leicester,LE17,,,
Birmingham +,Leicester,LE18,,,
Birmingham +,Leicester,LE19,,,
Birmingham +,Leicester,LE21,,,
Birmingham +,Leicester,LE41,,,
Birmingham +,Leicester,LE55,,,
Birmingham +,Leicester,LE65,,,
Birmingham +,Leicester,LE67,,,
Birmingham +,Leicester,LE87,,,
Birmingham +,Leicester,LE94,,,
Birmingham +,Leicester,LE95,,,
Birmingham +,Nottingham,NG1,,,
Birmingham +,Nottingham,NG2,,,
Birmingham +,Nottingham,NG3,,,
Birmingham +,Nottingham,NG4,,,
Birmingham +,Nottingham,NG5,,,
Birmingham +,Nottingham,NG6,,,
Birmingham +,Nottingham,NG7,,,
Birmingham +,Nottingham,NG8,,,
Birmingham +,Nottingham,NG9,,,
Birmingham +,Nottingham,NG10,,,
Birmingham +,Nottingham,NG11,,,
Birmingham +,Nottingham,NG12,,,
Birmingham +,Nottingham,NG13,,,
Birmingham +,Nottingham,NG14,,,
Birmingham +,Nottingham,NG15,,,
Birmingham +,Nottingham,NG16,,,
Birmingham +,Nottingham,NG17,,,
Birmingham +,Nottingham,NG18,,,
Birmingham +,Nottingham,NG19,,,
Birmingham +,Nottingham,NG20,,,
Birmingham +,Nottingham,NG21,,,
Birmingham +,Nottingham,NG22,,,
Birmingham +,Nottingham,NG23,,,
Birmingham +,Nottingham,NG24,,,
Birmingham +,Nottingham,NG25,,,
Birmingham +,Nottingham,NG31,,,
Birmingham +,Nottingham,NG32,,,
Birmingham +,Nottingham,NG33,,,
Birmingham +,Nottingham,NG34,,,
Birmingham +,Nottingham,NG70,,,
Birmingham +,Nottingham,NG80,,,
Birmingham +,Nottingham,NG90,,,
Birmingham +,Birmingham,B1,,,
Birmingham +,Birmingham,B2,,,
Birmingham +,Birmingham,B3,,,
Birmingham +,Birmingham,B4,,,
Birmingham +,Birmingham,B5,,,
Birmingham +,Birmingham,B6,,,
Birmingham +,Birmingham,B7,,,
Birmingham +,Birmingham,B8,,,
Birmingham +,Birmingham,B9,,,
Birmingham +,Birmingham,B10,,,
Birmingham +,Birmingham,B11,,,
Birmingham +,Birmingham,B12,,,
Birmingham +,Birmingham,B13,,,
Birmingham +,Birmingham,B14,,,
Birmingham +,Birmingham,B15,,,
Birmingham +,Birmingham,B16,,,
Birmingham +,Birmingham,B17,,,
Birmingham +,Birmingham,B18,,,
Birmingham +,Birmingham,B19,,,
Birmingham +,Birmingham,B20,,,
Birmingham +,Birmingham,B21,,,
Birmingham +,Birmingham,B23,,,
Birmingham +,Birmingham,B24,,,
Birmingham +,Birmingham,B25,,,
Birmingham +,Birmingham,B26,,,
Birmingham +,Birmingham,B27,,,
Birmingham +,Birmingham,B28,,,
Birmingham +,Birmingham,B29,,,
Birmingham +,Birmingham,B30,,,
Birmingham +,Birmingham,B31,,,
Birmingham +,Birmingham,B32,,,
Birmingham +,Birmingham,B33,,,
Birmingham +,Birmingham,B34,,,
Birmingham +,Birmingham,B35,,,
Birmingham +,Birmingham,B36,,,
Birmingham +,Birmingham,B37,,,
Birmingham +,Birmingham,B38,,,
Birmingham +,Birmingham,B40,,,
Birmingham +,Birmingham,B42,,,
Birmingham +,Birmingham,B43,,,
Birmingham +,Birmingham,B44,,,
Birmingham +,Birmingham,B45,,,
Birmingham +,Birmingham,B46,,,
Birmingham +,Birmingham,B47,,,
Birmingham +,Birmingham,B48,,,
Birmingham +,Birmingham,B49,,,
Birmingham +,Birmingham,B50,,,
Birmingham +,Birmingham,B60,,,
Birmingham +,Birmingham,B61,,,
Birmingham +,Birmingham,B62,,,
Birmingham +,Birmingham,B63,,,
Birmingham +,Birmingham,B64,,,
Birmingham +,Birmingham,B65,,,
Birmingham +,Birmingham,B66,,,
Birmingham +,Birmingham,B67,,,
Birmingham +,Birmingham,B68,,,
Birmingham +,Birmingham,B69,,,
Birmingham +,Birmingham,B70,,,
Birmingham +,Birmingham,B71,,,
Birmingham +,Birmingham,B72,,,
Birmingham +,Birmingham,B73,,,
Birmingham +,Birmingham,B74,,,
Birmingham +,Birmingham,B75,,,
Birmingham +,Birmingham,B76,,,
Birmingham +,Birmingham,B77,,,
Birmingham +,Birmingham,B78,,,
Birmingham +,Birmingham,B79,,,
Birmingham +,Birmingham,B80,,,
Birmingham +,Birmingham,B90,,,
Birmingham +,Birmingham,B91,,,
Birmingham +,Birmingham,B92,,,
Birmingham +,Birmingham,B93,,,
Birmingham +,Birmingham,B94,,,
Birmingham +,Birmingham,B95,,,
Birmingham +,Birmingham,B96,,,
Birmingham +,Birmingham,B97,,,
Birmingham +,Birmingham,B98,,,
Birmingham +,Birmingham,B99,,,
Manchester+,Chester,CH1,,,
Manchester+,Chester,CH2,,,
Manchester+,Chester,CH3,,,
Manchester+,Chester,CH4,,,
Manchester+,Chester,CH5,,,
Manchester+,Chester,CH6,,,
Manchester+,Chester,CH7,,,
Manchester+,Chester,CH8,,,
Manchester+,Chester,CH25,,,
Manchester+,Chester,CH26,,,
Manchester+,Chester,CH27,,,
Manchester+,Chester,CH28,,,
Manchester+,Chester,CH29,,,
Manchester+,Chester,CH30,,,
Manchester+,Chester,CH31,,,
Manchester+,Chester,CH32,,,
Manchester+,Chester,CH33,,,
Manchester+,Chester,CH34,,,
Manchester+,Chester,CH41,,,
Manchester+,Chester,CH42,,,
Manchester+,Chester,CH43,,,
Manchester+,Chester,CH44,,,
Manchester+,Chester,CH45,,,
Manchester+,Chester,CH46,,,
Manchester+,Chester,CH47,,,
Manchester+,Chester,CH48,,,
Manchester+,Chester,CH49,,,
Manchester+,Chester,CH60,,,
Manchester+,Chester,CH61,,,
Manchester+,Chester,CH62,,,
Manchester+,Chester,CH63,,,
Manchester+,Chester,CH64,,,
Manchester+,Chester,CH65,,,
Manchester+,Chester,CH66,,,
Manchester+,Chester,CH70,,,
Manchester+,Chester,CH88,,,
Manchester+,Chester,CH99,,,
Manchester+,Blackburn,BB1,,,
Manchester+,Blackburn,BB2,,,
Manchester+,Blackburn,BB3,,,
Manchester+,Blackburn,BB4,,,
Manchester+,Blackburn,BB5,,,
Manchester+,Blackburn,BB6,,,
Manchester+,Blackburn,BB7,,,
Manchester+,Blackburn,BB8,,,
Manchester+,Blackburn,BB9,,,
Manchester+,Blackburn,BB10,,,
Manchester+,Blackburn,BB11,,,
Manchester+,Blackburn,BB12,,,
Manchester+,Blackburn,BB18,,,
Manchester+,Blackburn,BB94,,,
Manchester+,Stoke on Trent,ST1,,,
Manchester+,Stoke on Trent,ST2,,,
Manchester+,Stoke on Trent,ST3,,,
Manchester+,Stoke on Trent,ST4,,,
Manchester+,Stoke on Trent,ST5,,,
Manchester+,Stoke on Trent,ST6,,,
Manchester+,Stoke on Trent,ST7,,,
Manchester+,Stoke on Trent,ST8,,,
Manchester+,Stoke on Trent,ST9,,,
Manchester+,Stoke on Trent,ST10,,,
Manchester+,Stoke on Trent,ST11,,,
Manchester+,Stoke on Trent,ST12,,,
Manchester+,Stoke on Trent,ST13,,,
Manchester+,Stoke on Trent,ST14,,,
Manchester+,Stoke on Trent,ST15,,,
Manchester+,Stoke on Trent,ST16,,,
Manchester+,Stoke on Trent,ST17,,,
Manchester+,Stoke on Trent,ST18,,,
Manchester+,Stoke on Trent,ST19,,,
Manchester+,Stoke on Trent,ST20,,,
Manchester+,Stoke on Trent,ST21,,,
Manchester+,Stoke on Trent,ST55,,,
Manchester+,Bolton,BL0,,,
Manchester+,Bolton,BL1,,,
Manchester+,Bolton,BL2,,,
Manchester+,Bolton,BL3,,,
Manchester+,Bolton,BL4,,,
Manchester+,Bolton,BL5,,,
Manchester+,Bolton,BL6,,,
Manchester+,Bolton,BL7,,,
Manchester+,Bolton,BL8,,,
Manchester+,Bolton,BL9,,,
Manchester+,Bolton,BL11,,,
Manchester+,Bolton,BL78,,,
Manchester+,Preston,PR0,,,
Manchester+,Preston,PR1,,,
Manchester+,Preston,PR2,,,
Manchester+,Preston,PR3,,,
Manchester+,Preston,PR4,,,
Manchester+,Preston,PR5,,,
Manchester+,Preston,PR6,,,
Manchester+,Preston,PR7,,,
Manchester+,Preston,PR8,,,
Manchester+,Preston,PR9,,,
Manchester+,Preston,PR11,,,
Manchester+,Preston,PR25,,,
Manchester+,Preston,PR26,,,
Manchester+,Warrington,WA1,,,
Manchester+,Warrington,WA2,,,
Manchester+,Warrington,WA3,,,
Manchester+,Warrington,WA4,,,
Manchester+,Warrington,WA5,,,
Manchester+,Warrington,WA6,,,
Manchester+,Warrington,WA7,,,
Manchester+,Warrington,WA8,,,
Manchester+,Warrington,WA9,,,
Manchester+,Warrington,WA10,,,
Manchester+,Warrington,WA11,,,
Manchester+,Warrington,WA12,,,
Manchester+,Warrington,WA13,,,
Manchester+,Warrington,WA14,,,
Manchester+,Warrington,WA15,,,
Manchester+,Warrington,WA16,,,
Manchester+,Warrington,WA55,,,
Manchester+,Warrington,WA88,,,
Manchester+,Crewe,CW1,,,
Manchester+,Crewe,CW2,,,
Manchester+,Crewe,CW3,,,
Manchester+,Crewe,CW4,,,
Manchester+,Crewe,CW5,,,
Manchester+,Crewe,CW6,,,
Manchester+,Crewe,CW7,,,
Manchester+,Crewe,CW8,,,
Manchester+,Crewe,CW9,,,
Manchester+,Crewe,CW10,,,
Manchester+,Crewe,CW11,,,
Manchester+,Crewe,CW12,,,
Manchester+,Crewe,CW98,,,
Manchester+,Blackpool,FY0,,,
Manchester+,Blackpool,FY1,,,
Manchester+,Blackpool,FY2,,,
Manchester+,Blackpool,FY3,,,
Manchester+,Blackpool,FY4,,,
Manchester+,Blackpool,FY5,,,
Manchester+,Blackpool,FY6,,,
Manchester+,Blackpool,FY7,,,
Manchester+,Blackpool,FY8,,,
Manchester+,Huddersfield,HD1,,,
Manchester+,Huddersfield,HD2,,,
Manchester+,Huddersfield,HD3,,,
Manchester+,Huddersfield,HD4,,,
Manchester+,Huddersfield,HD5,,,
Manchester+,Huddersfield,HD6,,,
Manchester+,Huddersfield,HD7,,,
Manchester+,Huddersfield,HD8,,,
Manchester+,Huddersfield,HD9,,,
Scotland +,Galashiels,TD1,,,
Scotland +,Galashiels,TD2,,,
Scotland +,Galashiels,TD3,,,
Scotland +,Galashiels,TD4,,,
Scotland +,Galashiels,TD5,,,
Scotland +,Galashiels,TD6,,,
Scotland +,Galashiels,TD7,,,
Scotland +,Galashiels,TD8,,,
Scotland +,Galashiels,TD9,,,
Scotland +,Galashiels,TD10,,,
Scotland +,Galashiels,TD11,,,
Scotland +,Galashiels,TD12,,,
Scotland +,Galashiels,TD13,,,
Scotland +,Galashiels,TD14,,,
Scotland +,Galashiels,TD15,,,
Scotland +,Falkirk & Stirling,FK1,,,
Scotland +,Falkirk & Stirling,FK2,,,
Scotland +,Falkirk & Stirling,FK3,,,
Scotland +,Falkirk & Stirling,FK4,,,
Scotland +,Falkirk & Stirling,FK5,,,
Scotland +,Falkirk & Stirling,FK6,,,
Scotland +,Falkirk & Stirling,FK7,,,
Scotland +,Falkirk & Stirling,FK8,,,
Scotland +,Falkirk & Stirling,FK9,,,
Scotland +,Falkirk & Stirling,FK10,,,
Scotland +,Falkirk & Stirling,FK11,,,
Scotland +,Falkirk & Stirling,FK12,,,
Scotland +,Falkirk & Stirling,FK13,,,
Scotland +,Falkirk & Stirling,FK14,,,
Scotland +,Falkirk & Stirling,FK15,,,
Scotland +,Falkirk & Stirling,FK16,,,
Scotland +,Falkirk & Stirling,FK17,,,
Scotland +,Falkirk & Stirling,FK18,,,
Scotland +,Falkirk & Stirling,FK19,,,
Scotland +,Falkirk & Stirling,FK20,,,
Scotland +,Falkirk & Stirling,FK21,,,
Scotland +,Paisley,PA1,,,
Scotland +,Paisley,PA2,,,
Scotland +,Paisley,PA3,,,
Scotland +,Paisley,PA4,,,
Scotland +,Paisley,PA5,,,
Scotland +,Paisley,PA6,,,
Scotland +,Paisley,PA7,,,
Scotland +,Paisley,PA8,,,
Scotland +,Paisley,PA9,,,
Scotland +,Paisley,PA10,,,
Scotland +,Paisley,PA11,,,
Scotland +,Paisley,PA12,,,
Scotland +,Paisley,PA13,,,
Scotland +,Paisley,PA14,,,
Scotland +,Paisley,PA15,,,
Scotland +,Paisley,PA16,,,
Scotland +,Paisley,PA17,,,
Scotland +,Paisley,PA18,,,
Scotland +,Paisley,PA19,,,
Scotland +,Paisley,PA20,,,
Scotland +,Paisley,PA21,,,
Scotland +,Paisley,PA22,,,
Scotland +,Paisley,PA23,,,
Scotland +,Paisley,PA24,,,
Scotland +,Paisley,PA25,,,
Scotland +,Paisley,PA26,,,
Scotland +,Paisley,PA27,,,
Scotland +,Paisley,PA28,,,
Scotland +,Paisley,PA29,,,
Scotland +,Paisley,PA30,,,
Scotland +,Paisley,PA31,,,
Scotland +,Paisley,PA32,,,
Scotland +,Paisley,PA33,,,
Scotland +,Paisley,PA34,,,
Scotland +,Paisley,PA35,,,
Scotland +,Paisley,PA36,,,
Scotland +,Paisley,PA37,,,
Scotland +,Paisley,PA38,,,
Scotland +,Paisley,PA41,,,
Scotland +,Paisley,PA42,,,
Scotland +,Paisley,PA43,,,
Scotland +,Paisley,PA44,,,
Scotland +,Paisley,PA45,,,
Scotland +,Paisley,PA46,,,
Scotland +,Paisley,PA47,,,
Scotland +,Paisley,PA48,,,
Scotland +,Paisley,PA49,,,
Scotland +,Paisley,PA60,,,
Scotland +,Paisley,PA61,,,
Scotland +,Paisley,PA62,,,
Scotland +,Paisley,PA63,,,
Scotland +,Paisley,PA64,,,
Scotland +,Paisley,PA65,,,
Scotland +,Paisley,PA66,,,
Scotland +,Paisley,PA67,,,
Scotland +,Paisley,PA68,,,
Scotland +,Paisley,PA69,,,
Scotland +,Paisley,PA70,,,
Scotland +,Paisley,PA71,,,
Scotland +,Paisley,PA72,,,
Scotland +,Paisley,PA73,,,
Scotland +,Paisley,PA74,,,
Scotland +,Paisley,PA75,,,
Scotland +,Paisley,PA76,,,
Scotland +,Paisley,PA77,,,
Scotland +,Paisley,PA78,,,
Scotland +,Paisley,PA80,,,
Scotland +,Perth,PH17,,,
Scotland +,Perth,PH18,,,
Scotland +,Perth,PH19,,,
Scotland +,Perth,PH20,,,
Scotland +,Perth,PH21,,,
Scotland +,Perth,PH22,,,
Scotland +,Perth,PH23,,,
Scotland +,Perth,PH24,,,
Scotland +,Perth,PH25,,,
Scotland +,Perth,PH26,,,
Scotland +,Perth,PH30,,,
Scotland +,Perth,PH31,,,
Scotland +,Perth,PH32,,,
Scotland +,Perth,PH33,,,
Scotland +,Perth,PH34,,,
Scotland +,Perth,PH35,,,
Scotland +,Perth,PH36,,,
Scotland +,Perth,PH37,,,
Scotland +,Perth,PH38,,,
Scotland +,Perth,PH39,,,
Scotland +,Perth,PH40,,,
Scotland +,Perth,PH41,,,
Scotland +,Perth,PH42,,,
Scotland +,Perth,PH43,,,
Scotland +,Perth,PH44,,,
Scotland +,Perth,PH49,,,
Scotland +,Perth,PH50,,,
Scotland +,Dundee,DD1,,,
Scotland +,Dundee,DD2,,,
Scotland +,Dundee,DD3,,,
Scotland +,Dundee,DD4,,,
Scotland +,Dundee,DD5,,,
Scotland +,Dundee,DD6,,,
Scotland +,Dundee,DD7,,,
Scotland +,Dundee,DD8,,,
Scotland +,Dundee,DD9,,,
Scotland +,Dundee,DD10,,,
Scotland +,Dundee,DD11,,,
Scotland +,Kirkcaldy,KY1,,,
Scotland +,Kirkcaldy,KY2,,,
Scotland +,Kirkcaldy,KY3,,,
Scotland +,Kirkcaldy,KY4,,,
Scotland +,Kirkcaldy,KY5,,,
Scotland +,Kirkcaldy,KY6,,,
Scotland +,Kirkcaldy,KY7,,,
Scotland +,Kirkcaldy,KY8,,,
Scotland +,Kirkcaldy,KY9,,,
Scotland +,Kirkcaldy,KY10,,,
Scotland +,Kirkcaldy,KY11,,,
Scotland +,Kirkcaldy,KY12,,,
Scotland +,Kirkcaldy,KY13,,,
Scotland +,Kirkcaldy,KY14,,,
Scotland +,Kirkcaldy,KY15,,,
Scotland +,Kirkcaldy,KY16,,,
Scotland +,Kirkcaldy,KY99,,,
Scotland +,Inverness,IV1,,,
Scotland +,Inverness,IV2,,,
Scotland +,Inverness,IV3,,,
Scotland +,Inverness,IV10,,,
Scotland +,Inverness,IV11,,,
Scotland +,Inverness,IV12,,,
Scotland +,Inverness,IV13,,,
Scotland +,Inverness,IV14,,,
Scotland +,Inverness,IV15,,,
Scotland +,Inverness,IV16,,,
Scotland +,Inverness,IV17,,,
Scotland +,Inverness,IV18,,,
Scotland +,Inverness,IV19,,,
Scotland +,Inverness,IV20,,,
Scotland +,Inverness,IV21,,,
Scotland +,Inverness,IV22,,,
Scotland +,Inverness,IV23,,,
Scotland +,Inverness,IV24,,,
Scotland +,Inverness,IV25,,,
Scotland +,Inverness,IV26,,,
Scotland +,Inverness,IV27,,,
Scotland +,Inverness,IV28,,,
Scotland +,Inverness,IV30,,,
Scotland +,Inverness,IV31,,,
Scotland +,Inverness,IV32,,,
Scotland +,Inverness,IV36,,,
Scotland +,Inverness,IV40,,,
Scotland +,Inverness,IV41,,,
Scotland +,Inverness,IV42,,,
Scotland +,Inverness,IV43,,,
Scotland +,Inverness,IV44,,,
Scotland +,Inverness,IV45,,,
Scotland +,Inverness,IV46,,,
Scotland +,Inverness,IV47,,,
Scotland +,Inverness,IV48,,,
Scotland +,Inverness,IV49,,,
Scotland +,Inverness,IV51,,,
Scotland +,Inverness,IV52,,,
Scotland +,Inverness,IV53,,,
Scotland +,Inverness,IV54,,,
Scotland +,Inverness,IV55,,,
Scotland +,Inverness,IV56,,,
Scotland +,Inverness,IV99,,,
Scotland +,"Outer Hebrides, Kilmarnock Lerwick",HS1,,,
Scotland +,"Outer Hebrides, Kilmarnock Lerwick",HS2,,,
Scotland +,"Outer Hebrides, Kilmarnock Lerwick",HS3,,,
Scotland +,"Outer Hebrides, Kilmarnock Lerwick",HS4,,,
Scotland +,"Outer Hebrides, Kilmarnock Lerwick",HS5,,,
Scotland +,"Outer Hebrides, Kilmarnock Lerwick",HS6,,,
Scotland +,"Outer Hebrides, Kilmarnock Lerwick",HS7,,,
Scotland +,"Outer Hebrides, Kilmarnock Lerwick",HS8,,,
Scotland +,"Outer Hebrides, Kilmarnock Lerwick",HS9,,,
Scotland +,"Outer Hebrides, Kilmarnock Lerwick",KA27,,,
Scotland +,"Outer Hebrides, Kilmarnock Lerwick",KA28,,,
Scotland +,"Outer Hebrides, Kilmarnock Lerwick",ZE1,,,
Scotland +,"Outer Hebrides, Kilmarnock Lerwick",ZE2,,,
Scotland +,"Outer Hebrides, Kilmarnock Lerwick",ZE3,,,
Birmingham +,Worcester,WR1,,,
Birmingham +,Worcester,WR2,,,
Birmingham +,Worcester,WR3,,,
Birmingham +,Worcester,WR4,,,
Birmingham +,Worcester,WR5,,,
Birmingham +,Worcester,WR6,,,
Birmingham +,Worcester,WR7,,,
Birmingham +,Worcester,WR8,,,
Birmingham +,Worcester,WR9,,,
Birmingham +,Worcester,WR10,,,
Birmingham +,Worcester,WR11,,,
Birmingham +,Worcester,WR12,,,
Birmingham +,Worcester,WR13,,,
Birmingham +,Worcester,WR14,,,
Birmingham +,Worcester,WR15,,,
Birmingham +,Worcester,WR78,,,
Birmingham +,Worcester,WR99,,,
Birmingham +,Northampton,NN1,,,
Birmingham +,Northampton,NN2,,,
Birmingham +,Northampton,NN3,,,
Birmingham +,Northampton,NN4,,,
Birmingham +,Northampton,NN5,,,
Birmingham +,Northampton,NN6,,,
Birmingham +,Northampton,NN7,,,
Birmingham +,Northampton,NN8,,,
Birmingham +,Northampton,NN9,,,
Birmingham +,Northampton,NN10,,,
Birmingham +,Northampton,NN11,,,
Birmingham +,Northampton,NN12,,,
Birmingham +,Northampton,NN13,,,
Birmingham +,Northampton,NN14,,,
Birmingham +,Northampton,NN15,,,
Birmingham +,Northampton,NN16,,,
Birmingham +,Northampton,NN17,,,
Birmingham +,Northampton,NN18,,,
Birmingham +,Northampton,NN29,,,
Birmingham +,Wolverhampton,WV1,,,
Birmingham +,Wolverhampton,WV2,,,
Birmingham +,Wolverhampton,WV3,,,
Birmingham +,Wolverhampton,WV4,,,
Birmingham +,Wolverhampton,WV5,,,
Birmingham +,Wolverhampton,WV6,,,
Birmingham +,Wolverhampton,WV7,,,
Birmingham +,Wolverhampton,WV8,,,
Birmingham +,Wolverhampton,WV9,,,
Birmingham +,Wolverhampton,WV10,,,
Birmingham +,Wolverhampton,WV11,,,
Birmingham +,Wolverhampton,WV12,,,
Birmingham +,Wolverhampton,WV13,,,
Birmingham +,Wolverhampton,WV14,,,
Birmingham +,Wolverhampton,WV15,,,
Birmingham +,Wolverhampton,WV16,,,
Birmingham +,Wolverhampton,WV98,,,
Birmingham +,Wolverhampton,WV99,,,
Birmingham +,Coventry,CV1,,,
Birmingham +,Coventry,CV2,,,
Birmingham +,Coventry,CV3,,,
Birmingham +,Coventry,CV4,,,
Birmingham +,Coventry,CV5,,,
Birmingham +,Coventry,CV6,,,
Birmingham +,Coventry,CV7,,,
Birmingham +,Coventry,CV8,,,
Birmingham +,Coventry,CV9,,,
Birmingham +,Coventry,CV10,,,
Birmingham +,Coventry,CV11,,,
Birmingham +,Coventry,CV12,,,
Birmingham +,Coventry,CV13,,,
Birmingham +,Coventry,CV21,,,
Birmingham +,Coventry,CV22,,,
Birmingham +,Coventry,CV23,,,
Birmingham +,Coventry,CV31,,,
Birmingham +,Coventry,CV32,,,
Birmingham +,Coventry,CV33,,,
Birmingham +,Coventry,CV34,,,
Birmingham +,Coventry,CV35,,,
Birmingham +,Coventry,CV36,,,
Birmingham +,Coventry,CV37,,,
Birmingham +,Coventry,CV47,,,
Birmingham +,Gloucester,GL1,,,
Birmingham +,Gloucester,GL2,,,
Birmingham +,Gloucester,GL3,,,
Birmingham +,Gloucester,GL4,,,
Birmingham +,Gloucester,GL5,,,
Birmingham +,Gloucester,GL6,,,
Birmingham +,Gloucester,GL7,,,
Birmingham +,Gloucester,GL8,,,
Birmingham +,Gloucester,GL9,,,
Birmingham +,Gloucester,GL10,,,
Birmingham +,Gloucester,GL11,,,
Birmingham +,Gloucester,GL12,,,
Birmingham +,Gloucester,GL13,,,
Birmingham +,Gloucester,GL14,,,
Birmingham +,Gloucester,GL15,,,
Birmingham +,Gloucester,GL16,,,
Birmingham +,Gloucester,GL17,,,
Birmingham +,Gloucester,GL18,,,
Birmingham +,Gloucester,GL19,,,
Birmingham +,Gloucester,GL20,,,
Birmingham +,Gloucester,GL50,,,
Birmingham +,Gloucester,GL51,,,
Birmingham +,Gloucester,GL52,,,
Birmingham +,Gloucester,GL53,,,
Birmingham +,Gloucester,GL54,,,
Birmingham +,Gloucester,GL55,,,
Birmingham +,Gloucester,GL56,,,
Birmingham +,Telford,TF1,,,
Birmingham +,Telford,TF2,,,
Birmingham +,Telford,TF3,,,
Birmingham +,Telford,TF4,,,
Birmingham +,Telford,TF5,,,
Birmingham +,Telford,TF6,,,
Birmingham +,Telford,TF7,,,
Birmingham +,Telford,TF8,,,
Birmingham +,Telford,TF9,,,
Birmingham +,Telford,TF10,,,
Birmingham +,Telford,TF11,,,
Birmingham +,Telford,TF12,,,
Birmingham +,Telford,TF13,,,
Birmingham +,Lincoln,LN1,,,
Birmingham +,Lincoln,LN2,,,
Birmingham +,Lincoln,LN3,,,
Birmingham +,Lincoln,LN4,,,
Birmingham +,Lincoln,LN5,,,
Birmingham +,Lincoln,LN6,,,
Birmingham +,Lincoln,LN7,,,
Birmingham +,Lincoln,LN8,,,
Birmingham +,Lincoln,LN9,,,
Birmingham +,Lincoln,LN10,,,
Birmingham +,Lincoln,LN11,,,
Birmingham +,Lincoln,LN12,,,
Birmingham +,Lincoln,LN13,,,
Manchester+,Sheffield,S1,,,
Manchester+,Sheffield,S13,,,
Manchester+,Sheffield,S2,,,
Manchester+,Sheffield,S26,,,
Manchester+,Sheffield,S41,,,
Manchester+,Sheffield,S45,,,
Manchester+,Sheffield,S61,,,
Manchester+,Sheffield,S65,,,
Manchester+,Sheffield,S71,,,
Manchester+,Sheffield,S75,,,
Manchester+,Sheffield,S9,,,
Manchester+,Sheffield,S10,,,
Manchester+,Sheffield,S14,,,
Manchester+,Sheffield,S20,,,
Manchester+,Sheffield,S35,,,
Manchester+,Sheffield,S36,,,
Manchester+,Sheffield,S42,,,
Manchester+,Sheffield,S5,,,
Manchester+,Sheffield,S62,,,
Manchester+,Sheffield,S66,,,
Manchester+,Sheffield,S72,,,
Manchester+,Sheffield,S8,,,
Manchester+,Sheffield,S80,,,
Manchester+,Sheffield,S73,,,
Manchester+,Sheffield,S7,,,
Manchester+,Sheffield,S63,,,
Manchester+,Sheffield,S6,,,
Manchester+,Sheffield,S43,,,
Manchester+,Sheffield,S4,,,
Manchester+,Sheffield,S32,,,
Manchester+,Sheffield,S21,,,
Manchester+,Sheffield,S17,,,
Manchester+,Sheffield,S11,,,
Manchester+,Sheffield,S12,,,
Manchester+,Sheffield,S18,,,
Manchester+,Sheffield,S25,,,
Manchester+,Sheffield,S33,,,
Manchester+,Sheffield,S40,,,
Manchester+,Sheffield,S44,,,
Manchester+,Sheffield,S60,,,
Manchester+,Sheffield,S64,,,
Manchester+,Sheffield,S70,,,
Manchester+,Sheffield,S74,,,
Manchester+,Sheffield,S81,,,